{"cameraMode":{"drawMode":0,"name":"Shaded","section":"Shading Mode"},"sceneLighting":false,"audioPlay":false,"sceneViewState":{"m_AlwaysRefresh":false,"showFog":true,"showSkybox":false,"showFlares":true,"showImageEffects":true,"showParticleSystems":true,"showVisualEffectGraphs":true,"m_FxEnabled":true},"in2DMode":false,"pivot":{"x":-0.8710036277770996,"y":1.0241246223449708,"z":0.9463000297546387},"rotation":{"x":0.20877011120319367,"y":0.614875316619873,"z":-0.17336127161979676,"w":0.7404710054397583},"size":0.25980764627456667,"orthographic":false}